[{
  "project":{
    "title":"Test project one Test project one",
    "teaser":"Test project one",
    "description":"Test project oneTest project oneTest project oneTest project oneTest project oneTest project one\r\n\r\n!http://localhost:8080/serve/projectimage/1!",
    "tags":[{
      "name":"Three js",
      "id":1
    }],
    "state":1,
    "difficulty":2,
    "icon":"http://localhost:8080/serve/projectimage/1",
    "creator":" ",
    "url":"http://localhost:8080/nl/project/view/1",
    "id":1
  }
},{
  "project":{
    "title":"Test2",
    "teaser":"kasdkdassad asddssad",
    "description":"dsasdasdafg sdadsa dsadsa",
    "tags":[],
    "state":2,
    "difficulty":1,
    "icon":"http://localhost:8080/serve/projectimage/2",
    "creator":" ",
    "url":"http://localhost:8080/nl/project/view/2",
    "id":2
  }
},{
  "project":{
    "title":"3D Bass guitar",
    "teaser":"Can you produce a high quality electric bass guitar using the Fablab methodology?",
    "description":"Can you produce a high quality electric bass guitar using the Fablab methodology?\r\n\r\nYes, you can. Like on fab foos, I like doing as much as I can from scratch, meaning winding my own pickups, milling the body on the Shopbot with a flip part set up, building the entire neck with a trussrod and a fingerboard with fret marks on the side at least.\r\n\r\nMy choices for wood were: Mahagony body, maple neck, palisander fingerboard.\r\nYou can buy special \"tone wood\" in Amsterdam at Fijnhout Houthandel.\r\n\r\nA few components however I decided to buy:\r\nThe bridge, the tuners, the preamp, the nut, the trussrod\r\n\r\nDuring my research I noticed a lot has happened in the guitar world in the past 20 years. You can now buy Xtenders, which is a tuner with a handle so you can drop the E to C if you want. There are Bass tremolos available and very terrific preamps that lift your output to about 12 DB. But the big mystery is, can I get that growl like a proper Fender Jazz bass, which I love so much.\r\n\r\nWell, I will only know this when I have finished the project and plug it in.\r\n\r\nResources:\r\n\r\n    Melvin Hiscock: \"Make your own guitar\":http://www.amazon.com/Make-Your-Own-Electric-Guitar/dp/0953104907\r\n    Paul Balmer: \"The Fender Bass Handbook\":http://tinyurl.com/mj4zo7g\r\n\r\nMy fretless Bass will be based on the Fender Jazz Bass.\r\nHere is the original 1951 Fender Precision Bass, The first solid body electric Bass that changed modern music:\r\n\r\n!http://fablab.waag.org/sites/all/files/u6/1951-fender-precision-bass-post.jpg!\r\n\r\nhere is a deluxe version model of it from 2006, which has 24 frets, not 20 as the original version\r\n\r\n!http://fablab.waag.org/sites/all/files/u6/fender_deluxe_24_small.jpg!\r\n\r\nAnd here is the \"Shark Bass\"\r\n\r\n!http://fablab.waag.org/sites/all/files/u6/Shark_Bass_0.jpg!\r\n\r\nThis is a very special Bass, featuring a tremolo, Xtenders of the E & G string and a kill switch. I am sure I can play pretty unusual cool stuff with it. I was inspired by Michael Manrings Hyperbass, a really crazy Bass. Listen to his tune \"Selene\":http://www.youtube.com/watch?v=6eTBc7aWBGw&feature=player_embedded to get an idea.\r\n\r\nAnother inspiration I got was from a student who recently visited us to mill 3D textures: \"http://amsterdam.fablab.nl/node/3775()\":http://amsterdam.fablab.nl/node/3775\r\n\r\nSo I asked him if he wants to share it, he agreed and so my Bass guitar will have a fantastic 3D texture on the body.\r\n\r\nI am now in the process to prepare the cut files, and yes I will post the files so you can make your own...\r\n\r\n\r\n*Foam Test*\r\n\r\n\r\nAs hard wood is somehow an expensive material, we decided to give life to the bass at first as a foam model. In this way we could check if size, proportions and holes dimensions were appropriate.\r\n\r\nAs the piece was a 3D one, I created in Rhino a supporting frame as big as the foam block, with bridges here and there to support the bass while being cut out.\r\n\r\n!http://fablab.waag.org/sites/all/files/u2030/screenshot%20rhino.jpg(3D Model)!\r\n\r\nIn order to be able to flip it, the model had two holes placed on the central symmetry axes of the model. These holes were going all the way through the foam and also in the sacrificial layer (about 8 mm below the foam). After making the holes I used some wooden dowels to keep the model in place and to use when flipping it. The holes has to be slightly smaller than the the dowel, otherwise the piece will be loose (in this case the dowels diameter was about 8-8.2 mm while the hole was 7.8 mm).\r\n\r\n!http://fablab.waag.org/sites/all/files/u2030/_MG_8741.JPG(Foam)!\r\n\r\n!http://fablab.waag.org/sites/all/files/u2030/dowels.jpg(Wood dowels)!\r\n\r\nDealing with the flipping of the model has not been easy , especially because it is sometimes hard to do the finishing of the surface when the piece is too thick and the bottom part is still full. As the material thickness was too much to do the whole cut on each side, I did set the software to cut only halfway the thickness, but in this way the roughing did not cut away the inside leftover areas, that were creating a problem for the finishing step).\r\n\r\nAs an answer to this I decided to do the cut out of the empty areas before doing the finishing, after the roughing (although the Partworks 3D software suggests you to do it at last).\r\n\r\n\r\n!http://fablab.waag.org/sites/all/files/u2030/_MG_8724.JPG(Bass guitar foam 1)!\r\n\r\n\r\nMilling bits for finishing often have the cutting part smaller (in terms of diameter) than the shank, which means that if the bit goes deeper than the cutting part lenght and there is not enough space, the shank will force the material by applying too much pressure on it. This means that if the material leftover is still part of the block after the roughing, the finishing bit will force the material.\r\n\r\n!http://fablab.waag.org/sites/all/files/u2030/milling%20bit%20structure.jpg(Milling bit structure)!\r\n\r\nFor this foam experiment I have used a 1/4\" flat end 4 flutes bit (roughing) and a 1/16\" flat end 4 flutes for the finishing. The machine was driven quite fast during both operation, due to the fact that the foam is a soft material and that we did not want to be precise in this step, but just check shape, dimensions and proportions.\r\n\r\n(By the way, I realized the the piece was too thick while the machine was already running, so, for the time it took me to realize it, the head of the shopbot pushed against the foam, trying to reach the bottom of the model..keep always in mind to check the thickness of the material and how much the milling bit is coming out from the shopboat head!!) (see pic below)\r\n\r\n!http://fablab.waag.org/sites/all/files/u2030/_MG_8743.JPG(Shopbot pushing on foam)!\r\n\r\nHere it comes the final result:\r\n\r\n!http://fablab.waag.org/sites/all/files/u2030/_MG_8761.JPG(Foam bass 2)!\r\n\r\n*Wood test*\r\n\r\n\r\n\r\nAnd here it comes the second episode of this ambitious project: the first wood sample!\r\n\r\n!http://fablab.waag.org/sites/all/files/u2030/wood%20bass.JPG(Wooden bass)!\r\n\r\nTo mill out this piece took quite some time. About 3 hours for the roughing of each side and about 6 hours for the finishing of only one side (the back side was quite flat, so we decided to save some time by skipping the finishing).\r\n\r\nI had to use many tricks in order to accomplish the task and I have learnt more about the shopbot with this chop than with any other before.\r\n\r\nSo, talking about tools, we used a 1/4\" 2 flutes flat end bit for the roughing and a 1/16\" 4 flutes (both flat end and nose ball) bit for the finishing, four screws and two 8 mm dowels to keep the piece in place and let us flip it.\r\n\r\nAs in the first test we did set the software to cut until half of the material's thickness, because the bit wasn't long enough to cover the whole wood block. We therefore also did the cutout before the finishing (for more details about this take a look at the previous episode: Foam Test).\r\n\r\nIn the next screenshot it is possible to see which settings we used for the roughing.\r\n\r\n!http://fablab.waag.org/sites/all/files/u2030/roughing%20settings%202.jpg(Roughing setting bass)!\r\n\r\nFor the finishing we decided to reduce the milling surface, in order to save time by avoiding passing over the supports over and over again. In order to do so, we reduced the Machining margins in the Material Size and Margins menu, setting negatove numbers. This is the only way to avoid milling useless areas. I decided to do this in the finishing but not in the roughing because, by milling the whole piece back then, I avoided surfacing the wood block and I had then a perfectly flat surface for the flipping (that is also why when roughing the second surface I reduced the milling area again). Remeber that perfectly flat wood is something very unlikely to happen.\r\n\r\nIn the screenshot below it is visible how these parameters were set before starting the finishing.\r\n\r\n!http://fablab.waag.org/sites/all/files/u2030/machining%20margins.jpg(Machine margins)!\r\n\r\nIn order to decide which finishing to go for we did different test, with 10% 20% and 40% stepover and using first a nose ball and then a flat end bit. Below is a screenshot from the 40% setting.\r\n\r\n!http://fablab.waag.org/sites/all/files/u2030/finishing%20toolpath%2040.jpg(Stepover 40%)!\r\n\r\nThe ball nose seems to be more appropriate and below it is possible to see the difference between the stepovers:\r\n\r\n!http://fablab.waag.org/sites/all/files/u2030/different%20stepovers_0.jpg(Different stepovers)!\r\n\r\n\r\nAs the texture of the bass is very soft, we decided to adopt for the future the 10% steover so that we won't need to sand the wood afterwards, risking to scratch away also the waves. Unfortunately this means that the finishing of the front side of the final bass will take between 15 and 20 hours..which means that somebody will have to sleep with the Shopbot =)\r\n\r\nSomething that created problems again was making pockets deeper that half of the material thickness, as the software wouldn't see them. Furthermore when finishing the piece the machine lost a lot of time finishing the inside of holes and pockets, which is absolutely unnecessary. In order to solve both issues we decided to do all pockets and holes with the 2d software instead of including them in the 3D model in Rhino.\r\n\r\nIn order to better understand if size and dimension were right I did assemble the main knobs, which were quite well fitting!\r\n\r\n!http://fablab.waag.org/sites/all/files/u2030/knobs%20from%20the%20back.JPG(Knobs from the back)!\r\n\r\n!http://fablab.waag.org/sites/all/files/u2030/knobs%20from%20the%20front.JPG(Knobs from the front)!\r\n\r\n*Bass neck wood test*\r\n\r\nHere comes the neck!\r\n\r\nSame procedure as the body, just a different wood (harder) which forced us to go slower with the machine (speed 30 instead of 40). 1/4\" flat end 2 flutes bit for roughing and 1/16\" nose ball 4 flutes bit for finishing.\r\n\r\nI decided to place the piece of wood horizontally, in order to facilitate the machine and create less noise (when the shopbot moves on the y axis is smoother than on the x axis).\r\n\r\nThe roughing took about 3 hours on the first side and only 1 hour on the second side. Althought the front side is almost flat and therefore wouldn't need almost any machining I decided to place the model in the middle of the wooden block, otherwise the finishing bit would have not reached the deepest part of the back curve.\r\n\r\nFinishing took about 5 hours with xy speed on 30.\r\n\r\n!http://fablab.waag.org/sites/all/files/u2030/neck2.JPG(Bass neck 2)!\r\n\r\nAt the end of the chop we made a profiling outline on the bottom part of the bass, the part that we will glue on the main bass body. In this way we got rid of the bridges with a perfect flat surface ready to be glue.\r\n\r\n!http://fablab.waag.org/sites/all/files/u2030/carsten%20cutting%20neck.JPG(Cut neck)!\r\n\r\nAfter that we could finally make an ergonomic test!\r\n\r\n!http://fablab.waag.org/sites/all/files/u2030/neck%20ergonomy%20test.JPG(Ergonomic test)!\r\n\r\n\r\n",
    "tags":[],
    "state":4,
    "difficulty":4,
    "icon":"http://localhost:8080/serve/projectimage/3",
    "creator":"Risseeuw Martin",
    "url":"http://localhost:8080/nl/project/view/3",
    "id":3
  }
},{
  "project":{
    "title":"hghgjkj",
    "teaser":"jhjhgglgj jhhgjgjh dfsfdsfd",
    "description":"jhjhgglgj jhhgjgjh dfsfdsfd jhjhgglgj jhhgjgjh dfsfdsfd jhjhgglgj jhhgjgjh dfsfdsfd",
    "tags":[],
    "state":2,
    "difficulty":1,
    "icon":"http://localhost:8080/serve/projectimage/4",
    "creator":"Risseeuw Martin",
    "url":"http://localhost:8080/nl/project/view/4",
    "id":4
  }
},{
  "project":{
    "title":"Low-cost prosthesis recylced plastic",
    "teaser":"During my internship, i worked on the low-cost self-adjustable lower knee prosthesis project.",
    "description":"During my internship, i worked on the low-cost self-adjustable lower knee prosthesis project.",
    "tags":[],
    "state":3,
    "difficulty":4,
    "icon":"http://localhost:8080/serve/projectimage/5",
    "creator":"Risseeuw Martin",
    "url":"http://localhost:8080/nl/project/view/5",
    "id":5
  }
},{
  "project":{
    "title":"3D Bass guitar",
    "teaser":"Can you produce a high quality electric bass guitar using the Fablab methodology?",
    "description":"Can you produce a high quality electric bass guitar using the Fablab methodology?\r\n\r\nYes, you can. Like on fab foos, I like doing as much as I can from scratch, meaning winding my own pickups, milling the body on the Shopbot with a flip part set up, building the entire neck with a trussrod and a fingerboard with fret marks on the side at least.\r\n\r\nMy choices for wood were: Mahagony body, maple neck, palisander fingerboard.\r\nYou can buy special \"tone wood\" in Amsterdam at Fijnhout Houthandel.\r\n\r\nA few components however I decided to buy:\r\nThe bridge, the tuners, the preamp, the nut, the trussrod\r\n\r\nDuring my research I noticed a lot has happened in the guitar world in the past 20 years. You can now buy Xtenders, which is a tuner with a handle so you can drop the E to C if you want. There are Bass tremolos available and very terrific preamps that lift your output to about 12 DB. But the big mystery is, can I get that growl like a proper Fender Jazz bass, which I love so much.\r\n\r\nWell, I will only know this when I have finished the project and plug it in.\r\n\r\nResources:\r\n\r\n    Melvin Hiscock: \"Make your own guitar\":http://www.amazon.com/Make-Your-Own-Electric-Guitar/dp/0953104907\r\n    Paul Balmer: \"The Fender Bass Handbook\":http://tinyurl.com/mj4zo7g\r\n\r\nMy fretless Bass will be based on the Fender Jazz Bass.\r\nHere is the original 1951 Fender Precision Bass, The first solid body electric Bass that changed modern music:\r\n\r\n!http://fablab.waag.org/sites/all/files/u6/1951-fender-precision-bass-post.jpg!\r\n\r\nhere is a deluxe version model of it from 2006, which has 24 frets, not 20 as the original version\r\n\r\n!http://fablab.waag.org/sites/all/files/u6/fender_deluxe_24_small.jpg!\r\n\r\nAnd here is the \"Shark Bass\"\r\n\r\n!http://fablab.waag.org/sites/all/files/u6/Shark_Bass_0.jpg!\r\n\r\nThis is a very special Bass, featuring a tremolo, Xtenders of the E & G string and a kill switch. I am sure I can play pretty unusual cool stuff with it. I was inspired by Michael Manrings Hyperbass, a really crazy Bass. Listen to his tune \"Selene\":http://www.youtube.com/watch?v=6eTBc7aWBGw&feature=player_embedded to get an idea.\r\n\r\nAnother inspiration I got was from a student who recently visited us to mill 3D textures: \"http://amsterdam.fablab.nl/node/3775()\":http://amsterdam.fablab.nl/node/3775\r\n\r\nSo I asked him if he wants to share it, he agreed and so my Bass guitar will have a fantastic 3D texture on the body.\r\n\r\nI am now in the process to prepare the cut files, and yes I will post the files so you can make your own...\r\n\r\n\r\n*Foam Test*\r\n\r\n\r\nAs hard wood is somehow an expensive material, we decided to give life to the bass at first as a foam model. In this way we could check if size, proportions and holes dimensions were appropriate.\r\n\r\nAs the piece was a 3D one, I created in Rhino a supporting frame as big as the foam block, with bridges here and there to support the bass while being cut out.\r\n\r\n!http://fablab.waag.org/sites/all/files/u2030/screenshot%20rhino.jpg(3D Model)!\r\n\r\nIn order to be able to flip it, the model had two holes placed on the central symmetry axes of the model. These holes were going all the way through the foam and also in the sacrificial layer (about 8 mm below the foam). After making the holes I used some wooden dowels to keep the model in place and to use when flipping it. The holes has to be slightly smaller than the the dowel, otherwise the piece will be loose (in this case the dowels diameter was about 8-8.2 mm while the hole was 7.8 mm).\r\n\r\n!http://fablab.waag.org/sites/all/files/u2030/_MG_8741.JPG(Foam)!\r\n\r\n!http://fablab.waag.org/sites/all/files/u2030/dowels.jpg(Wood dowels)!\r\n\r\nDealing with the flipping of the model has not been easy , especially because it is sometimes hard to do the finishing of the surface when the piece is too thick and the bottom part is still full. As the material thickness was too much to do the whole cut on each side, I did set the software to cut only halfway the thickness, but in this way the roughing did not cut away the inside leftover areas, that were creating a problem for the finishing step).\r\n\r\nAs an answer to this I decided to do the cut out of the empty areas before doing the finishing, after the roughing (although the Partworks 3D software suggests you to do it at last).\r\n\r\n\r\n!http://fablab.waag.org/sites/all/files/u2030/_MG_8724.JPG(Bass guitar foam 1)!\r\n\r\n\r\nMilling bits for finishing often have the cutting part smaller (in terms of diameter) than the shank, which means that if the bit goes deeper than the cutting part lenght and there is not enough space, the shank will force the material by applying too much pressure on it. This means that if the material leftover is still part of the block after the roughing, the finishing bit will force the material.\r\n\r\n!http://fablab.waag.org/sites/all/files/u2030/milling%20bit%20structure.jpg(Milling bit structure)!\r\n\r\nFor this foam experiment I have used a 1/4\" flat end 4 flutes bit (roughing) and a 1/16\" flat end 4 flutes for the finishing. The machine was driven quite fast during both operation, due to the fact that the foam is a soft material and that we did not want to be precise in this step, but just check shape, dimensions and proportions.\r\n\r\n(By the way, I realized the the piece was too thick while the machine was already running, so, for the time it took me to realize it, the head of the shopbot pushed against the foam, trying to reach the bottom of the model..keep always in mind to check the thickness of the material and how much the milling bit is coming out from the shopboat head!!) (see pic below)\r\n\r\n!http://fablab.waag.org/sites/all/files/u2030/_MG_8743.JPG(Shopbot pushing on foam)!\r\n\r\nHere it comes the final result:\r\n\r\n!http://fablab.waag.org/sites/all/files/u2030/_MG_8761.JPG(Foam bass 2)!\r\n\r\n*Wood test*\r\n\r\n\r\n\r\nAnd here it comes the second episode of this ambitious project: the first wood sample!\r\n\r\n!http://fablab.waag.org/sites/all/files/u2030/wood%20bass.JPG(Wooden bass)!\r\n\r\nTo mill out this piece took quite some time. About 3 hours for the roughing of each side and about 6 hours for the finishing of only one side (the back side was quite flat, so we decided to save some time by skipping the finishing).\r\n\r\nI had to use many tricks in order to accomplish the task and I have learnt more about the shopbot with this chop than with any other before.\r\n\r\nSo, talking about tools, we used a 1/4\" 2 flutes flat end bit for the roughing and a 1/16\" 4 flutes (both flat end and nose ball) bit for the finishing, four screws and two 8 mm dowels to keep the piece in place and let us flip it.\r\n\r\nAs in the first test we did set the software to cut until half of the material's thickness, because the bit wasn't long enough to cover the whole wood block. We therefore also did the cutout before the finishing (for more details about this take a look at the previous episode: Foam Test).\r\n\r\nIn the next screenshot it is possible to see which settings we used for the roughing.\r\n\r\n!http://fablab.waag.org/sites/all/files/u2030/roughing%20settings%202.jpg(Roughing setting bass)!\r\n\r\nFor the finishing we decided to reduce the milling surface, in order to save time by avoiding passing over the supports over and over again. In order to do so, we reduced the Machining margins in the Material Size and Margins menu, setting negatove numbers. This is the only way to avoid milling useless areas. I decided to do this in the finishing but not in the roughing because, by milling the whole piece back then, I avoided surfacing the wood block and I had then a perfectly flat surface for the flipping (that is also why when roughing the second surface I reduced the milling area again). Remeber that perfectly flat wood is something very unlikely to happen.\r\n\r\nIn the screenshot below it is visible how these parameters were set before starting the finishing.\r\n\r\n!http://fablab.waag.org/sites/all/files/u2030/machining%20margins.jpg(Machine margins)!\r\n\r\nIn order to decide which finishing to go for we did different test, with 10% 20% and 40% stepover and using first a nose ball and then a flat end bit. Below is a screenshot from the 40% setting.\r\n\r\n!http://fablab.waag.org/sites/all/files/u2030/finishing%20toolpath%2040.jpg(Stepover 40%)!\r\n\r\nThe ball nose seems to be more appropriate and below it is possible to see the difference between the stepovers:\r\n\r\n!http://fablab.waag.org/sites/all/files/u2030/different%20stepovers_0.jpg(Different stepovers)!\r\n\r\n\r\nAs the texture of the bass is very soft, we decided to adopt for the future the 10% steover so that we won't need to sand the wood afterwards, risking to scratch away also the waves. Unfortunately this means that the finishing of the front side of the final bass will take between 15 and 20 hours..which means that somebody will have to sleep with the Shopbot =)\r\n\r\nSomething that created problems again was making pockets deeper that half of the material thickness, as the software wouldn't see them. Furthermore when finishing the piece the machine lost a lot of time finishing the inside of holes and pockets, which is absolutely unnecessary. In order to solve both issues we decided to do all pockets and holes with the 2d software instead of including them in the 3D model in Rhino.\r\n\r\nIn order to better understand if size and dimension were right I did assemble the main knobs, which were quite well fitting!\r\n\r\n!http://fablab.waag.org/sites/all/files/u2030/knobs%20from%20the%20back.JPG(Knobs from the back)!\r\n\r\n!http://fablab.waag.org/sites/all/files/u2030/knobs%20from%20the%20front.JPG(Knobs from the front)!\r\n\r\n*Bass neck wood test*\r\n\r\nHere comes the neck!\r\n\r\nSame procedure as the body, just a different wood (harder) which forced us to go slower with the machine (speed 30 instead of 40). 1/4\" flat end 2 flutes bit for roughing and 1/16\" nose ball 4 flutes bit for finishing.\r\n\r\nI decided to place the piece of wood horizontally, in order to facilitate the machine and create less noise (when the shopbot moves on the y axis is smoother than on the x axis).\r\n\r\nThe roughing took about 3 hours on the first side and only 1 hour on the second side. Althought the front side is almost flat and therefore wouldn't need almost any machining I decided to place the model in the middle of the wooden block, otherwise the finishing bit would have not reached the deepest part of the back curve.\r\n\r\nFinishing took about 5 hours with xy speed on 30.\r\n\r\n!http://fablab.waag.org/sites/all/files/u2030/neck2.JPG(Bass neck 2)!\r\n\r\nAt the end of the chop we made a profiling outline on the bottom part of the bass, the part that we will glue on the main bass body. In this way we got rid of the bridges with a perfect flat surface ready to be glue.\r\n\r\n!http://fablab.waag.org/sites/all/files/u2030/carsten%20cutting%20neck.JPG(Cut neck)!\r\n\r\nAfter that we could finally make an ergonomic test!\r\n\r\n!http://fablab.waag.org/sites/all/files/u2030/neck%20ergonomy%20test.JPG(Ergonomic test)!\r\n\r\n\r\n",
    "tags":[],
    "state":4,
    "difficulty":4,
    "icon":"http://localhost:8080/serve/projectimage/3",
    "creator":"Risseeuw Martin",
    "url":"http://localhost:8080/nl/project/view/3",
    "id":3
  }
},{
  "project":{
    "title":"Test project one Test project one",
    "teaser":"Test project one",
    "description":"Test project oneTest project oneTest project oneTest project oneTest project oneTest project one\r\n\r\n!http://localhost:8080/serve/projectimage/1!",
    "tags":[{
      "name":"Three js",
      "id":1
    }],
    "state":1,
    "difficulty":2,
    "icon":"http://localhost:8080/serve/projectimage/1",
    "creator":" ",
    "url":"http://localhost:8080/nl/project/view/1",
    "id":1
  }
},{
  "project":{
    "title":"Test2",
    "teaser":"kasdkdassad asddssad",
    "description":"dsasdasdafg sdadsa dsadsa",
    "tags":[],
    "state":2,
    "difficulty":1,
    "icon":"http://localhost:8080/serve/projectimage/2",
    "creator":" ",
    "url":"http://localhost:8080/nl/project/view/2",
    "id":2
  }
},{
  "project":{
    "title":"3D Bass guitar",
    "teaser":"Can you produce a high quality electric bass guitar using the Fablab methodology?",
    "description":"Can you produce a high quality electric bass guitar using the Fablab methodology?\r\n\r\nYes, you can. Like on fab foos, I like doing as much as I can from scratch, meaning winding my own pickups, milling the body on the Shopbot with a flip part set up, building the entire neck with a trussrod and a fingerboard with fret marks on the side at least.\r\n\r\nMy choices for wood were: Mahagony body, maple neck, palisander fingerboard.\r\nYou can buy special \"tone wood\" in Amsterdam at Fijnhout Houthandel.\r\n\r\nA few components however I decided to buy:\r\nThe bridge, the tuners, the preamp, the nut, the trussrod\r\n\r\nDuring my research I noticed a lot has happened in the guitar world in the past 20 years. You can now buy Xtenders, which is a tuner with a handle so you can drop the E to C if you want. There are Bass tremolos available and very terrific preamps that lift your output to about 12 DB. But the big mystery is, can I get that growl like a proper Fender Jazz bass, which I love so much.\r\n\r\nWell, I will only know this when I have finished the project and plug it in.\r\n\r\nResources:\r\n\r\n    Melvin Hiscock: \"Make your own guitar\":http://www.amazon.com/Make-Your-Own-Electric-Guitar/dp/0953104907\r\n    Paul Balmer: \"The Fender Bass Handbook\":http://tinyurl.com/mj4zo7g\r\n\r\nMy fretless Bass will be based on the Fender Jazz Bass.\r\nHere is the original 1951 Fender Precision Bass, The first solid body electric Bass that changed modern music:\r\n\r\n!http://fablab.waag.org/sites/all/files/u6/1951-fender-precision-bass-post.jpg!\r\n\r\nhere is a deluxe version model of it from 2006, which has 24 frets, not 20 as the original version\r\n\r\n!http://fablab.waag.org/sites/all/files/u6/fender_deluxe_24_small.jpg!\r\n\r\nAnd here is the \"Shark Bass\"\r\n\r\n!http://fablab.waag.org/sites/all/files/u6/Shark_Bass_0.jpg!\r\n\r\nThis is a very special Bass, featuring a tremolo, Xtenders of the E & G string and a kill switch. I am sure I can play pretty unusual cool stuff with it. I was inspired by Michael Manrings Hyperbass, a really crazy Bass. Listen to his tune \"Selene\":http://www.youtube.com/watch?v=6eTBc7aWBGw&feature=player_embedded to get an idea.\r\n\r\nAnother inspiration I got was from a student who recently visited us to mill 3D textures: \"http://amsterdam.fablab.nl/node/3775()\":http://amsterdam.fablab.nl/node/3775\r\n\r\nSo I asked him if he wants to share it, he agreed and so my Bass guitar will have a fantastic 3D texture on the body.\r\n\r\nI am now in the process to prepare the cut files, and yes I will post the files so you can make your own...\r\n\r\n\r\n*Foam Test*\r\n\r\n\r\nAs hard wood is somehow an expensive material, we decided to give life to the bass at first as a foam model. In this way we could check if size, proportions and holes dimensions were appropriate.\r\n\r\nAs the piece was a 3D one, I created in Rhino a supporting frame as big as the foam block, with bridges here and there to support the bass while being cut out.\r\n\r\n!http://fablab.waag.org/sites/all/files/u2030/screenshot%20rhino.jpg(3D Model)!\r\n\r\nIn order to be able to flip it, the model had two holes placed on the central symmetry axes of the model. These holes were going all the way through the foam and also in the sacrificial layer (about 8 mm below the foam). After making the holes I used some wooden dowels to keep the model in place and to use when flipping it. The holes has to be slightly smaller than the the dowel, otherwise the piece will be loose (in this case the dowels diameter was about 8-8.2 mm while the hole was 7.8 mm).\r\n\r\n!http://fablab.waag.org/sites/all/files/u2030/_MG_8741.JPG(Foam)!\r\n\r\n!http://fablab.waag.org/sites/all/files/u2030/dowels.jpg(Wood dowels)!\r\n\r\nDealing with the flipping of the model has not been easy , especially because it is sometimes hard to do the finishing of the surface when the piece is too thick and the bottom part is still full. As the material thickness was too much to do the whole cut on each side, I did set the software to cut only halfway the thickness, but in this way the roughing did not cut away the inside leftover areas, that were creating a problem for the finishing step).\r\n\r\nAs an answer to this I decided to do the cut out of the empty areas before doing the finishing, after the roughing (although the Partworks 3D software suggests you to do it at last).\r\n\r\n\r\n!http://fablab.waag.org/sites/all/files/u2030/_MG_8724.JPG(Bass guitar foam 1)!\r\n\r\n\r\nMilling bits for finishing often have the cutting part smaller (in terms of diameter) than the shank, which means that if the bit goes deeper than the cutting part lenght and there is not enough space, the shank will force the material by applying too much pressure on it. This means that if the material leftover is still part of the block after the roughing, the finishing bit will force the material.\r\n\r\n!http://fablab.waag.org/sites/all/files/u2030/milling%20bit%20structure.jpg(Milling bit structure)!\r\n\r\nFor this foam experiment I have used a 1/4\" flat end 4 flutes bit (roughing) and a 1/16\" flat end 4 flutes for the finishing. The machine was driven quite fast during both operation, due to the fact that the foam is a soft material and that we did not want to be precise in this step, but just check shape, dimensions and proportions.\r\n\r\n(By the way, I realized the the piece was too thick while the machine was already running, so, for the time it took me to realize it, the head of the shopbot pushed against the foam, trying to reach the bottom of the model..keep always in mind to check the thickness of the material and how much the milling bit is coming out from the shopboat head!!) (see pic below)\r\n\r\n!http://fablab.waag.org/sites/all/files/u2030/_MG_8743.JPG(Shopbot pushing on foam)!\r\n\r\nHere it comes the final result:\r\n\r\n!http://fablab.waag.org/sites/all/files/u2030/_MG_8761.JPG(Foam bass 2)!\r\n\r\n*Wood test*\r\n\r\n\r\n\r\nAnd here it comes the second episode of this ambitious project: the first wood sample!\r\n\r\n!http://fablab.waag.org/sites/all/files/u2030/wood%20bass.JPG(Wooden bass)!\r\n\r\nTo mill out this piece took quite some time. About 3 hours for the roughing of each side and about 6 hours for the finishing of only one side (the back side was quite flat, so we decided to save some time by skipping the finishing).\r\n\r\nI had to use many tricks in order to accomplish the task and I have learnt more about the shopbot with this chop than with any other before.\r\n\r\nSo, talking about tools, we used a 1/4\" 2 flutes flat end bit for the roughing and a 1/16\" 4 flutes (both flat end and nose ball) bit for the finishing, four screws and two 8 mm dowels to keep the piece in place and let us flip it.\r\n\r\nAs in the first test we did set the software to cut until half of the material's thickness, because the bit wasn't long enough to cover the whole wood block. We therefore also did the cutout before the finishing (for more details about this take a look at the previous episode: Foam Test).\r\n\r\nIn the next screenshot it is possible to see which settings we used for the roughing.\r\n\r\n!http://fablab.waag.org/sites/all/files/u2030/roughing%20settings%202.jpg(Roughing setting bass)!\r\n\r\nFor the finishing we decided to reduce the milling surface, in order to save time by avoiding passing over the supports over and over again. In order to do so, we reduced the Machining margins in the Material Size and Margins menu, setting negatove numbers. This is the only way to avoid milling useless areas. I decided to do this in the finishing but not in the roughing because, by milling the whole piece back then, I avoided surfacing the wood block and I had then a perfectly flat surface for the flipping (that is also why when roughing the second surface I reduced the milling area again). Remeber that perfectly flat wood is something very unlikely to happen.\r\n\r\nIn the screenshot below it is visible how these parameters were set before starting the finishing.\r\n\r\n!http://fablab.waag.org/sites/all/files/u2030/machining%20margins.jpg(Machine margins)!\r\n\r\nIn order to decide which finishing to go for we did different test, with 10% 20% and 40% stepover and using first a nose ball and then a flat end bit. Below is a screenshot from the 40% setting.\r\n\r\n!http://fablab.waag.org/sites/all/files/u2030/finishing%20toolpath%2040.jpg(Stepover 40%)!\r\n\r\nThe ball nose seems to be more appropriate and below it is possible to see the difference between the stepovers:\r\n\r\n!http://fablab.waag.org/sites/all/files/u2030/different%20stepovers_0.jpg(Different stepovers)!\r\n\r\n\r\nAs the texture of the bass is very soft, we decided to adopt for the future the 10% steover so that we won't need to sand the wood afterwards, risking to scratch away also the waves. Unfortunately this means that the finishing of the front side of the final bass will take between 15 and 20 hours..which means that somebody will have to sleep with the Shopbot =)\r\n\r\nSomething that created problems again was making pockets deeper that half of the material thickness, as the software wouldn't see them. Furthermore when finishing the piece the machine lost a lot of time finishing the inside of holes and pockets, which is absolutely unnecessary. In order to solve both issues we decided to do all pockets and holes with the 2d software instead of including them in the 3D model in Rhino.\r\n\r\nIn order to better understand if size and dimension were right I did assemble the main knobs, which were quite well fitting!\r\n\r\n!http://fablab.waag.org/sites/all/files/u2030/knobs%20from%20the%20back.JPG(Knobs from the back)!\r\n\r\n!http://fablab.waag.org/sites/all/files/u2030/knobs%20from%20the%20front.JPG(Knobs from the front)!\r\n\r\n*Bass neck wood test*\r\n\r\nHere comes the neck!\r\n\r\nSame procedure as the body, just a different wood (harder) which forced us to go slower with the machine (speed 30 instead of 40). 1/4\" flat end 2 flutes bit for roughing and 1/16\" nose ball 4 flutes bit for finishing.\r\n\r\nI decided to place the piece of wood horizontally, in order to facilitate the machine and create less noise (when the shopbot moves on the y axis is smoother than on the x axis).\r\n\r\nThe roughing took about 3 hours on the first side and only 1 hour on the second side. Althought the front side is almost flat and therefore wouldn't need almost any machining I decided to place the model in the middle of the wooden block, otherwise the finishing bit would have not reached the deepest part of the back curve.\r\n\r\nFinishing took about 5 hours with xy speed on 30.\r\n\r\n!http://fablab.waag.org/sites/all/files/u2030/neck2.JPG(Bass neck 2)!\r\n\r\nAt the end of the chop we made a profiling outline on the bottom part of the bass, the part that we will glue on the main bass body. In this way we got rid of the bridges with a perfect flat surface ready to be glue.\r\n\r\n!http://fablab.waag.org/sites/all/files/u2030/carsten%20cutting%20neck.JPG(Cut neck)!\r\n\r\nAfter that we could finally make an ergonomic test!\r\n\r\n!http://fablab.waag.org/sites/all/files/u2030/neck%20ergonomy%20test.JPG(Ergonomic test)!\r\n\r\n\r\n",
    "tags":[],
    "state":4,
    "difficulty":4,
    "icon":"http://localhost:8080/serve/projectimage/3",
    "creator":"Risseeuw Martin",
    "url":"http://localhost:8080/nl/project/view/3",
    "id":3
  }
},{
  "project":{
    "title":"hghgjkj",
    "teaser":"jhjhgglgj jhhgjgjh dfsfdsfd",
    "description":"jhjhgglgj jhhgjgjh dfsfdsfd jhjhgglgj jhhgjgjh dfsfdsfd jhjhgglgj jhhgjgjh dfsfdsfd",
    "tags":[],
    "state":2,
    "difficulty":1,
    "icon":"http://localhost:8080/serve/projectimage/4",
    "creator":"Risseeuw Martin",
    "url":"http://localhost:8080/nl/project/view/4",
    "id":4
  }
},{
  "project":{
    "title":"Low-cost prosthesis recylced plastic",
    "teaser":"During my internship, i worked on the low-cost self-adjustable lower knee prosthesis project.",
    "description":"During my internship, i worked on the low-cost self-adjustable lower knee prosthesis project.",
    "tags":[],
    "state":3,
    "difficulty":4,
    "icon":"http://localhost:8080/serve/projectimage/5",
    "creator":"Risseeuw Martin",
    "url":"http://localhost:8080/nl/project/view/5",
    "id":5
  }
},{
  "project":{
    "title":"3D Bass guitar",
    "teaser":"Can you produce a high quality electric bass guitar using the Fablab methodology?",
    "description":"Can you produce a high quality electric bass guitar using the Fablab methodology?\r\n\r\nYes, you can. Like on fab foos, I like doing as much as I can from scratch, meaning winding my own pickups, milling the body on the Shopbot with a flip part set up, building the entire neck with a trussrod and a fingerboard with fret marks on the side at least.\r\n\r\nMy choices for wood were: Mahagony body, maple neck, palisander fingerboard.\r\nYou can buy special \"tone wood\" in Amsterdam at Fijnhout Houthandel.\r\n\r\nA few components however I decided to buy:\r\nThe bridge, the tuners, the preamp, the nut, the trussrod\r\n\r\nDuring my research I noticed a lot has happened in the guitar world in the past 20 years. You can now buy Xtenders, which is a tuner with a handle so you can drop the E to C if you want. There are Bass tremolos available and very terrific preamps that lift your output to about 12 DB. But the big mystery is, can I get that growl like a proper Fender Jazz bass, which I love so much.\r\n\r\nWell, I will only know this when I have finished the project and plug it in.\r\n\r\nResources:\r\n\r\n    Melvin Hiscock: \"Make your own guitar\":http://www.amazon.com/Make-Your-Own-Electric-Guitar/dp/0953104907\r\n    Paul Balmer: \"The Fender Bass Handbook\":http://tinyurl.com/mj4zo7g\r\n\r\nMy fretless Bass will be based on the Fender Jazz Bass.\r\nHere is the original 1951 Fender Precision Bass, The first solid body electric Bass that changed modern music:\r\n\r\n!http://fablab.waag.org/sites/all/files/u6/1951-fender-precision-bass-post.jpg!\r\n\r\nhere is a deluxe version model of it from 2006, which has 24 frets, not 20 as the original version\r\n\r\n!http://fablab.waag.org/sites/all/files/u6/fender_deluxe_24_small.jpg!\r\n\r\nAnd here is the \"Shark Bass\"\r\n\r\n!http://fablab.waag.org/sites/all/files/u6/Shark_Bass_0.jpg!\r\n\r\nThis is a very special Bass, featuring a tremolo, Xtenders of the E & G string and a kill switch. I am sure I can play pretty unusual cool stuff with it. I was inspired by Michael Manrings Hyperbass, a really crazy Bass. Listen to his tune \"Selene\":http://www.youtube.com/watch?v=6eTBc7aWBGw&feature=player_embedded to get an idea.\r\n\r\nAnother inspiration I got was from a student who recently visited us to mill 3D textures: \"http://amsterdam.fablab.nl/node/3775()\":http://amsterdam.fablab.nl/node/3775\r\n\r\nSo I asked him if he wants to share it, he agreed and so my Bass guitar will have a fantastic 3D texture on the body.\r\n\r\nI am now in the process to prepare the cut files, and yes I will post the files so you can make your own...\r\n\r\n\r\n*Foam Test*\r\n\r\n\r\nAs hard wood is somehow an expensive material, we decided to give life to the bass at first as a foam model. In this way we could check if size, proportions and holes dimensions were appropriate.\r\n\r\nAs the piece was a 3D one, I created in Rhino a supporting frame as big as the foam block, with bridges here and there to support the bass while being cut out.\r\n\r\n!http://fablab.waag.org/sites/all/files/u2030/screenshot%20rhino.jpg(3D Model)!\r\n\r\nIn order to be able to flip it, the model had two holes placed on the central symmetry axes of the model. These holes were going all the way through the foam and also in the sacrificial layer (about 8 mm below the foam). After making the holes I used some wooden dowels to keep the model in place and to use when flipping it. The holes has to be slightly smaller than the the dowel, otherwise the piece will be loose (in this case the dowels diameter was about 8-8.2 mm while the hole was 7.8 mm).\r\n\r\n!http://fablab.waag.org/sites/all/files/u2030/_MG_8741.JPG(Foam)!\r\n\r\n!http://fablab.waag.org/sites/all/files/u2030/dowels.jpg(Wood dowels)!\r\n\r\nDealing with the flipping of the model has not been easy , especially because it is sometimes hard to do the finishing of the surface when the piece is too thick and the bottom part is still full. As the material thickness was too much to do the whole cut on each side, I did set the software to cut only halfway the thickness, but in this way the roughing did not cut away the inside leftover areas, that were creating a problem for the finishing step).\r\n\r\nAs an answer to this I decided to do the cut out of the empty areas before doing the finishing, after the roughing (although the Partworks 3D software suggests you to do it at last).\r\n\r\n\r\n!http://fablab.waag.org/sites/all/files/u2030/_MG_8724.JPG(Bass guitar foam 1)!\r\n\r\n\r\nMilling bits for finishing often have the cutting part smaller (in terms of diameter) than the shank, which means that if the bit goes deeper than the cutting part lenght and there is not enough space, the shank will force the material by applying too much pressure on it. This means that if the material leftover is still part of the block after the roughing, the finishing bit will force the material.\r\n\r\n!http://fablab.waag.org/sites/all/files/u2030/milling%20bit%20structure.jpg(Milling bit structure)!\r\n\r\nFor this foam experiment I have used a 1/4\" flat end 4 flutes bit (roughing) and a 1/16\" flat end 4 flutes for the finishing. The machine was driven quite fast during both operation, due to the fact that the foam is a soft material and that we did not want to be precise in this step, but just check shape, dimensions and proportions.\r\n\r\n(By the way, I realized the the piece was too thick while the machine was already running, so, for the time it took me to realize it, the head of the shopbot pushed against the foam, trying to reach the bottom of the model..keep always in mind to check the thickness of the material and how much the milling bit is coming out from the shopboat head!!) (see pic below)\r\n\r\n!http://fablab.waag.org/sites/all/files/u2030/_MG_8743.JPG(Shopbot pushing on foam)!\r\n\r\nHere it comes the final result:\r\n\r\n!http://fablab.waag.org/sites/all/files/u2030/_MG_8761.JPG(Foam bass 2)!\r\n\r\n*Wood test*\r\n\r\n\r\n\r\nAnd here it comes the second episode of this ambitious project: the first wood sample!\r\n\r\n!http://fablab.waag.org/sites/all/files/u2030/wood%20bass.JPG(Wooden bass)!\r\n\r\nTo mill out this piece took quite some time. About 3 hours for the roughing of each side and about 6 hours for the finishing of only one side (the back side was quite flat, so we decided to save some time by skipping the finishing).\r\n\r\nI had to use many tricks in order to accomplish the task and I have learnt more about the shopbot with this chop than with any other before.\r\n\r\nSo, talking about tools, we used a 1/4\" 2 flutes flat end bit for the roughing and a 1/16\" 4 flutes (both flat end and nose ball) bit for the finishing, four screws and two 8 mm dowels to keep the piece in place and let us flip it.\r\n\r\nAs in the first test we did set the software to cut until half of the material's thickness, because the bit wasn't long enough to cover the whole wood block. We therefore also did the cutout before the finishing (for more details about this take a look at the previous episode: Foam Test).\r\n\r\nIn the next screenshot it is possible to see which settings we used for the roughing.\r\n\r\n!http://fablab.waag.org/sites/all/files/u2030/roughing%20settings%202.jpg(Roughing setting bass)!\r\n\r\nFor the finishing we decided to reduce the milling surface, in order to save time by avoiding passing over the supports over and over again. In order to do so, we reduced the Machining margins in the Material Size and Margins menu, setting negatove numbers. This is the only way to avoid milling useless areas. I decided to do this in the finishing but not in the roughing because, by milling the whole piece back then, I avoided surfacing the wood block and I had then a perfectly flat surface for the flipping (that is also why when roughing the second surface I reduced the milling area again). Remeber that perfectly flat wood is something very unlikely to happen.\r\n\r\nIn the screenshot below it is visible how these parameters were set before starting the finishing.\r\n\r\n!http://fablab.waag.org/sites/all/files/u2030/machining%20margins.jpg(Machine margins)!\r\n\r\nIn order to decide which finishing to go for we did different test, with 10% 20% and 40% stepover and using first a nose ball and then a flat end bit. Below is a screenshot from the 40% setting.\r\n\r\n!http://fablab.waag.org/sites/all/files/u2030/finishing%20toolpath%2040.jpg(Stepover 40%)!\r\n\r\nThe ball nose seems to be more appropriate and below it is possible to see the difference between the stepovers:\r\n\r\n!http://fablab.waag.org/sites/all/files/u2030/different%20stepovers_0.jpg(Different stepovers)!\r\n\r\n\r\nAs the texture of the bass is very soft, we decided to adopt for the future the 10% steover so that we won't need to sand the wood afterwards, risking to scratch away also the waves. Unfortunately this means that the finishing of the front side of the final bass will take between 15 and 20 hours..which means that somebody will have to sleep with the Shopbot =)\r\n\r\nSomething that created problems again was making pockets deeper that half of the material thickness, as the software wouldn't see them. Furthermore when finishing the piece the machine lost a lot of time finishing the inside of holes and pockets, which is absolutely unnecessary. In order to solve both issues we decided to do all pockets and holes with the 2d software instead of including them in the 3D model in Rhino.\r\n\r\nIn order to better understand if size and dimension were right I did assemble the main knobs, which were quite well fitting!\r\n\r\n!http://fablab.waag.org/sites/all/files/u2030/knobs%20from%20the%20back.JPG(Knobs from the back)!\r\n\r\n!http://fablab.waag.org/sites/all/files/u2030/knobs%20from%20the%20front.JPG(Knobs from the front)!\r\n\r\n*Bass neck wood test*\r\n\r\nHere comes the neck!\r\n\r\nSame procedure as the body, just a different wood (harder) which forced us to go slower with the machine (speed 30 instead of 40). 1/4\" flat end 2 flutes bit for roughing and 1/16\" nose ball 4 flutes bit for finishing.\r\n\r\nI decided to place the piece of wood horizontally, in order to facilitate the machine and create less noise (when the shopbot moves on the y axis is smoother than on the x axis).\r\n\r\nThe roughing took about 3 hours on the first side and only 1 hour on the second side. Althought the front side is almost flat and therefore wouldn't need almost any machining I decided to place the model in the middle of the wooden block, otherwise the finishing bit would have not reached the deepest part of the back curve.\r\n\r\nFinishing took about 5 hours with xy speed on 30.\r\n\r\n!http://fablab.waag.org/sites/all/files/u2030/neck2.JPG(Bass neck 2)!\r\n\r\nAt the end of the chop we made a profiling outline on the bottom part of the bass, the part that we will glue on the main bass body. In this way we got rid of the bridges with a perfect flat surface ready to be glue.\r\n\r\n!http://fablab.waag.org/sites/all/files/u2030/carsten%20cutting%20neck.JPG(Cut neck)!\r\n\r\nAfter that we could finally make an ergonomic test!\r\n\r\n!http://fablab.waag.org/sites/all/files/u2030/neck%20ergonomy%20test.JPG(Ergonomic test)!\r\n\r\n\r\n",
    "tags":[],
    "state":4,
    "difficulty":4,
    "icon":"http://localhost:8080/serve/projectimage/3",
    "creator":"Risseeuw Martin",
    "url":"http://localhost:8080/nl/project/view/3",
    "id":3
  }
},{
  "project":{
    "title":"Test project one Test project one",
    "teaser":"Test project one",
    "description":"Test project oneTest project oneTest project oneTest project oneTest project oneTest project one\r\n\r\n!http://localhost:8080/serve/projectimage/1!",
    "tags":[{
      "name":"Three js",
      "id":1
    }],
    "state":1,
    "difficulty":2,
    "icon":"http://localhost:8080/serve/projectimage/1",
    "creator":" ",
    "url":"http://localhost:8080/nl/project/view/1",
    "id":1
  }
},{
  "project":{
    "title":"Test2",
    "teaser":"kasdkdassad asddssad",
    "description":"dsasdasdafg sdadsa dsadsa",
    "tags":[],
    "state":2,
    "difficulty":1,
    "icon":"http://localhost:8080/serve/projectimage/2",
    "creator":" ",
    "url":"http://localhost:8080/nl/project/view/2",
    "id":2
  }
},{
  "project":{
    "title":"3D Bass guitar",
    "teaser":"Can you produce a high quality electric bass guitar using the Fablab methodology?",
    "description":"Can you produce a high quality electric bass guitar using the Fablab methodology?\r\n\r\nYes, you can. Like on fab foos, I like doing as much as I can from scratch, meaning winding my own pickups, milling the body on the Shopbot with a flip part set up, building the entire neck with a trussrod and a fingerboard with fret marks on the side at least.\r\n\r\nMy choices for wood were: Mahagony body, maple neck, palisander fingerboard.\r\nYou can buy special \"tone wood\" in Amsterdam at Fijnhout Houthandel.\r\n\r\nA few components however I decided to buy:\r\nThe bridge, the tuners, the preamp, the nut, the trussrod\r\n\r\nDuring my research I noticed a lot has happened in the guitar world in the past 20 years. You can now buy Xtenders, which is a tuner with a handle so you can drop the E to C if you want. There are Bass tremolos available and very terrific preamps that lift your output to about 12 DB. But the big mystery is, can I get that growl like a proper Fender Jazz bass, which I love so much.\r\n\r\nWell, I will only know this when I have finished the project and plug it in.\r\n\r\nResources:\r\n\r\n    Melvin Hiscock: \"Make your own guitar\":http://www.amazon.com/Make-Your-Own-Electric-Guitar/dp/0953104907\r\n    Paul Balmer: \"The Fender Bass Handbook\":http://tinyurl.com/mj4zo7g\r\n\r\nMy fretless Bass will be based on the Fender Jazz Bass.\r\nHere is the original 1951 Fender Precision Bass, The first solid body electric Bass that changed modern music:\r\n\r\n!http://fablab.waag.org/sites/all/files/u6/1951-fender-precision-bass-post.jpg!\r\n\r\nhere is a deluxe version model of it from 2006, which has 24 frets, not 20 as the original version\r\n\r\n!http://fablab.waag.org/sites/all/files/u6/fender_deluxe_24_small.jpg!\r\n\r\nAnd here is the \"Shark Bass\"\r\n\r\n!http://fablab.waag.org/sites/all/files/u6/Shark_Bass_0.jpg!\r\n\r\nThis is a very special Bass, featuring a tremolo, Xtenders of the E & G string and a kill switch. I am sure I can play pretty unusual cool stuff with it. I was inspired by Michael Manrings Hyperbass, a really crazy Bass. Listen to his tune \"Selene\":http://www.youtube.com/watch?v=6eTBc7aWBGw&feature=player_embedded to get an idea.\r\n\r\nAnother inspiration I got was from a student who recently visited us to mill 3D textures: \"http://amsterdam.fablab.nl/node/3775()\":http://amsterdam.fablab.nl/node/3775\r\n\r\nSo I asked him if he wants to share it, he agreed and so my Bass guitar will have a fantastic 3D texture on the body.\r\n\r\nI am now in the process to prepare the cut files, and yes I will post the files so you can make your own...\r\n\r\n\r\n*Foam Test*\r\n\r\n\r\nAs hard wood is somehow an expensive material, we decided to give life to the bass at first as a foam model. In this way we could check if size, proportions and holes dimensions were appropriate.\r\n\r\nAs the piece was a 3D one, I created in Rhino a supporting frame as big as the foam block, with bridges here and there to support the bass while being cut out.\r\n\r\n!http://fablab.waag.org/sites/all/files/u2030/screenshot%20rhino.jpg(3D Model)!\r\n\r\nIn order to be able to flip it, the model had two holes placed on the central symmetry axes of the model. These holes were going all the way through the foam and also in the sacrificial layer (about 8 mm below the foam). After making the holes I used some wooden dowels to keep the model in place and to use when flipping it. The holes has to be slightly smaller than the the dowel, otherwise the piece will be loose (in this case the dowels diameter was about 8-8.2 mm while the hole was 7.8 mm).\r\n\r\n!http://fablab.waag.org/sites/all/files/u2030/_MG_8741.JPG(Foam)!\r\n\r\n!http://fablab.waag.org/sites/all/files/u2030/dowels.jpg(Wood dowels)!\r\n\r\nDealing with the flipping of the model has not been easy , especially because it is sometimes hard to do the finishing of the surface when the piece is too thick and the bottom part is still full. As the material thickness was too much to do the whole cut on each side, I did set the software to cut only halfway the thickness, but in this way the roughing did not cut away the inside leftover areas, that were creating a problem for the finishing step).\r\n\r\nAs an answer to this I decided to do the cut out of the empty areas before doing the finishing, after the roughing (although the Partworks 3D software suggests you to do it at last).\r\n\r\n\r\n!http://fablab.waag.org/sites/all/files/u2030/_MG_8724.JPG(Bass guitar foam 1)!\r\n\r\n\r\nMilling bits for finishing often have the cutting part smaller (in terms of diameter) than the shank, which means that if the bit goes deeper than the cutting part lenght and there is not enough space, the shank will force the material by applying too much pressure on it. This means that if the material leftover is still part of the block after the roughing, the finishing bit will force the material.\r\n\r\n!http://fablab.waag.org/sites/all/files/u2030/milling%20bit%20structure.jpg(Milling bit structure)!\r\n\r\nFor this foam experiment I have used a 1/4\" flat end 4 flutes bit (roughing) and a 1/16\" flat end 4 flutes for the finishing. The machine was driven quite fast during both operation, due to the fact that the foam is a soft material and that we did not want to be precise in this step, but just check shape, dimensions and proportions.\r\n\r\n(By the way, I realized the the piece was too thick while the machine was already running, so, for the time it took me to realize it, the head of the shopbot pushed against the foam, trying to reach the bottom of the model..keep always in mind to check the thickness of the material and how much the milling bit is coming out from the shopboat head!!) (see pic below)\r\n\r\n!http://fablab.waag.org/sites/all/files/u2030/_MG_8743.JPG(Shopbot pushing on foam)!\r\n\r\nHere it comes the final result:\r\n\r\n!http://fablab.waag.org/sites/all/files/u2030/_MG_8761.JPG(Foam bass 2)!\r\n\r\n*Wood test*\r\n\r\n\r\n\r\nAnd here it comes the second episode of this ambitious project: the first wood sample!\r\n\r\n!http://fablab.waag.org/sites/all/files/u2030/wood%20bass.JPG(Wooden bass)!\r\n\r\nTo mill out this piece took quite some time. About 3 hours for the roughing of each side and about 6 hours for the finishing of only one side (the back side was quite flat, so we decided to save some time by skipping the finishing).\r\n\r\nI had to use many tricks in order to accomplish the task and I have learnt more about the shopbot with this chop than with any other before.\r\n\r\nSo, talking about tools, we used a 1/4\" 2 flutes flat end bit for the roughing and a 1/16\" 4 flutes (both flat end and nose ball) bit for the finishing, four screws and two 8 mm dowels to keep the piece in place and let us flip it.\r\n\r\nAs in the first test we did set the software to cut until half of the material's thickness, because the bit wasn't long enough to cover the whole wood block. We therefore also did the cutout before the finishing (for more details about this take a look at the previous episode: Foam Test).\r\n\r\nIn the next screenshot it is possible to see which settings we used for the roughing.\r\n\r\n!http://fablab.waag.org/sites/all/files/u2030/roughing%20settings%202.jpg(Roughing setting bass)!\r\n\r\nFor the finishing we decided to reduce the milling surface, in order to save time by avoiding passing over the supports over and over again. In order to do so, we reduced the Machining margins in the Material Size and Margins menu, setting negatove numbers. This is the only way to avoid milling useless areas. I decided to do this in the finishing but not in the roughing because, by milling the whole piece back then, I avoided surfacing the wood block and I had then a perfectly flat surface for the flipping (that is also why when roughing the second surface I reduced the milling area again). Remeber that perfectly flat wood is something very unlikely to happen.\r\n\r\nIn the screenshot below it is visible how these parameters were set before starting the finishing.\r\n\r\n!http://fablab.waag.org/sites/all/files/u2030/machining%20margins.jpg(Machine margins)!\r\n\r\nIn order to decide which finishing to go for we did different test, with 10% 20% and 40% stepover and using first a nose ball and then a flat end bit. Below is a screenshot from the 40% setting.\r\n\r\n!http://fablab.waag.org/sites/all/files/u2030/finishing%20toolpath%2040.jpg(Stepover 40%)!\r\n\r\nThe ball nose seems to be more appropriate and below it is possible to see the difference between the stepovers:\r\n\r\n!http://fablab.waag.org/sites/all/files/u2030/different%20stepovers_0.jpg(Different stepovers)!\r\n\r\n\r\nAs the texture of the bass is very soft, we decided to adopt for the future the 10% steover so that we won't need to sand the wood afterwards, risking to scratch away also the waves. Unfortunately this means that the finishing of the front side of the final bass will take between 15 and 20 hours..which means that somebody will have to sleep with the Shopbot =)\r\n\r\nSomething that created problems again was making pockets deeper that half of the material thickness, as the software wouldn't see them. Furthermore when finishing the piece the machine lost a lot of time finishing the inside of holes and pockets, which is absolutely unnecessary. In order to solve both issues we decided to do all pockets and holes with the 2d software instead of including them in the 3D model in Rhino.\r\n\r\nIn order to better understand if size and dimension were right I did assemble the main knobs, which were quite well fitting!\r\n\r\n!http://fablab.waag.org/sites/all/files/u2030/knobs%20from%20the%20back.JPG(Knobs from the back)!\r\n\r\n!http://fablab.waag.org/sites/all/files/u2030/knobs%20from%20the%20front.JPG(Knobs from the front)!\r\n\r\n*Bass neck wood test*\r\n\r\nHere comes the neck!\r\n\r\nSame procedure as the body, just a different wood (harder) which forced us to go slower with the machine (speed 30 instead of 40). 1/4\" flat end 2 flutes bit for roughing and 1/16\" nose ball 4 flutes bit for finishing.\r\n\r\nI decided to place the piece of wood horizontally, in order to facilitate the machine and create less noise (when the shopbot moves on the y axis is smoother than on the x axis).\r\n\r\nThe roughing took about 3 hours on the first side and only 1 hour on the second side. Althought the front side is almost flat and therefore wouldn't need almost any machining I decided to place the model in the middle of the wooden block, otherwise the finishing bit would have not reached the deepest part of the back curve.\r\n\r\nFinishing took about 5 hours with xy speed on 30.\r\n\r\n!http://fablab.waag.org/sites/all/files/u2030/neck2.JPG(Bass neck 2)!\r\n\r\nAt the end of the chop we made a profiling outline on the bottom part of the bass, the part that we will glue on the main bass body. In this way we got rid of the bridges with a perfect flat surface ready to be glue.\r\n\r\n!http://fablab.waag.org/sites/all/files/u2030/carsten%20cutting%20neck.JPG(Cut neck)!\r\n\r\nAfter that we could finally make an ergonomic test!\r\n\r\n!http://fablab.waag.org/sites/all/files/u2030/neck%20ergonomy%20test.JPG(Ergonomic test)!\r\n\r\n\r\n",
    "tags":[],
    "state":4,
    "difficulty":4,
    "icon":"http://localhost:8080/serve/projectimage/3",
    "creator":"Risseeuw Martin",
    "url":"http://localhost:8080/nl/project/view/3",
    "id":3
  }
},{
  "project":{
    "title":"hghgjkj",
    "teaser":"jhjhgglgj jhhgjgjh dfsfdsfd",
    "description":"jhjhgglgj jhhgjgjh dfsfdsfd jhjhgglgj jhhgjgjh dfsfdsfd jhjhgglgj jhhgjgjh dfsfdsfd",
    "tags":[],
    "state":2,
    "difficulty":1,
    "icon":"http://localhost:8080/serve/projectimage/4",
    "creator":"Risseeuw Martin",
    "url":"http://localhost:8080/nl/project/view/4",
    "id":4
  }
},{
  "project":{
    "title":"Low-cost prosthesis recylced plastic",
    "teaser":"During my internship, i worked on the low-cost self-adjustable lower knee prosthesis project.",
    "description":"During my internship, i worked on the low-cost self-adjustable lower knee prosthesis project.",
    "tags":[],
    "state":3,
    "difficulty":4,
    "icon":"http://localhost:8080/serve/projectimage/5",
    "creator":"Risseeuw Martin",
    "url":"http://localhost:8080/nl/project/view/5",
    "id":5
  }
},{
  "project":{
    "title":"3D Bass guitar",
    "teaser":"Can you produce a high quality electric bass guitar using the Fablab methodology?",
    "description":"Can you produce a high quality electric bass guitar using the Fablab methodology?\r\n\r\nYes, you can. Like on fab foos, I like doing as much as I can from scratch, meaning winding my own pickups, milling the body on the Shopbot with a flip part set up, building the entire neck with a trussrod and a fingerboard with fret marks on the side at least.\r\n\r\nMy choices for wood were: Mahagony body, maple neck, palisander fingerboard.\r\nYou can buy special \"tone wood\" in Amsterdam at Fijnhout Houthandel.\r\n\r\nA few components however I decided to buy:\r\nThe bridge, the tuners, the preamp, the nut, the trussrod\r\n\r\nDuring my research I noticed a lot has happened in the guitar world in the past 20 years. You can now buy Xtenders, which is a tuner with a handle so you can drop the E to C if you want. There are Bass tremolos available and very terrific preamps that lift your output to about 12 DB. But the big mystery is, can I get that growl like a proper Fender Jazz bass, which I love so much.\r\n\r\nWell, I will only know this when I have finished the project and plug it in.\r\n\r\nResources:\r\n\r\n    Melvin Hiscock: \"Make your own guitar\":http://www.amazon.com/Make-Your-Own-Electric-Guitar/dp/0953104907\r\n    Paul Balmer: \"The Fender Bass Handbook\":http://tinyurl.com/mj4zo7g\r\n\r\nMy fretless Bass will be based on the Fender Jazz Bass.\r\nHere is the original 1951 Fender Precision Bass, The first solid body electric Bass that changed modern music:\r\n\r\n!http://fablab.waag.org/sites/all/files/u6/1951-fender-precision-bass-post.jpg!\r\n\r\nhere is a deluxe version model of it from 2006, which has 24 frets, not 20 as the original version\r\n\r\n!http://fablab.waag.org/sites/all/files/u6/fender_deluxe_24_small.jpg!\r\n\r\nAnd here is the \"Shark Bass\"\r\n\r\n!http://fablab.waag.org/sites/all/files/u6/Shark_Bass_0.jpg!\r\n\r\nThis is a very special Bass, featuring a tremolo, Xtenders of the E & G string and a kill switch. I am sure I can play pretty unusual cool stuff with it. I was inspired by Michael Manrings Hyperbass, a really crazy Bass. Listen to his tune \"Selene\":http://www.youtube.com/watch?v=6eTBc7aWBGw&feature=player_embedded to get an idea.\r\n\r\nAnother inspiration I got was from a student who recently visited us to mill 3D textures: \"http://amsterdam.fablab.nl/node/3775()\":http://amsterdam.fablab.nl/node/3775\r\n\r\nSo I asked him if he wants to share it, he agreed and so my Bass guitar will have a fantastic 3D texture on the body.\r\n\r\nI am now in the process to prepare the cut files, and yes I will post the files so you can make your own...\r\n\r\n\r\n*Foam Test*\r\n\r\n\r\nAs hard wood is somehow an expensive material, we decided to give life to the bass at first as a foam model. In this way we could check if size, proportions and holes dimensions were appropriate.\r\n\r\nAs the piece was a 3D one, I created in Rhino a supporting frame as big as the foam block, with bridges here and there to support the bass while being cut out.\r\n\r\n!http://fablab.waag.org/sites/all/files/u2030/screenshot%20rhino.jpg(3D Model)!\r\n\r\nIn order to be able to flip it, the model had two holes placed on the central symmetry axes of the model. These holes were going all the way through the foam and also in the sacrificial layer (about 8 mm below the foam). After making the holes I used some wooden dowels to keep the model in place and to use when flipping it. The holes has to be slightly smaller than the the dowel, otherwise the piece will be loose (in this case the dowels diameter was about 8-8.2 mm while the hole was 7.8 mm).\r\n\r\n!http://fablab.waag.org/sites/all/files/u2030/_MG_8741.JPG(Foam)!\r\n\r\n!http://fablab.waag.org/sites/all/files/u2030/dowels.jpg(Wood dowels)!\r\n\r\nDealing with the flipping of the model has not been easy , especially because it is sometimes hard to do the finishing of the surface when the piece is too thick and the bottom part is still full. As the material thickness was too much to do the whole cut on each side, I did set the software to cut only halfway the thickness, but in this way the roughing did not cut away the inside leftover areas, that were creating a problem for the finishing step).\r\n\r\nAs an answer to this I decided to do the cut out of the empty areas before doing the finishing, after the roughing (although the Partworks 3D software suggests you to do it at last).\r\n\r\n\r\n!http://fablab.waag.org/sites/all/files/u2030/_MG_8724.JPG(Bass guitar foam 1)!\r\n\r\n\r\nMilling bits for finishing often have the cutting part smaller (in terms of diameter) than the shank, which means that if the bit goes deeper than the cutting part lenght and there is not enough space, the shank will force the material by applying too much pressure on it. This means that if the material leftover is still part of the block after the roughing, the finishing bit will force the material.\r\n\r\n!http://fablab.waag.org/sites/all/files/u2030/milling%20bit%20structure.jpg(Milling bit structure)!\r\n\r\nFor this foam experiment I have used a 1/4\" flat end 4 flutes bit (roughing) and a 1/16\" flat end 4 flutes for the finishing. The machine was driven quite fast during both operation, due to the fact that the foam is a soft material and that we did not want to be precise in this step, but just check shape, dimensions and proportions.\r\n\r\n(By the way, I realized the the piece was too thick while the machine was already running, so, for the time it took me to realize it, the head of the shopbot pushed against the foam, trying to reach the bottom of the model..keep always in mind to check the thickness of the material and how much the milling bit is coming out from the shopboat head!!) (see pic below)\r\n\r\n!http://fablab.waag.org/sites/all/files/u2030/_MG_8743.JPG(Shopbot pushing on foam)!\r\n\r\nHere it comes the final result:\r\n\r\n!http://fablab.waag.org/sites/all/files/u2030/_MG_8761.JPG(Foam bass 2)!\r\n\r\n*Wood test*\r\n\r\n\r\n\r\nAnd here it comes the second episode of this ambitious project: the first wood sample!\r\n\r\n!http://fablab.waag.org/sites/all/files/u2030/wood%20bass.JPG(Wooden bass)!\r\n\r\nTo mill out this piece took quite some time. About 3 hours for the roughing of each side and about 6 hours for the finishing of only one side (the back side was quite flat, so we decided to save some time by skipping the finishing).\r\n\r\nI had to use many tricks in order to accomplish the task and I have learnt more about the shopbot with this chop than with any other before.\r\n\r\nSo, talking about tools, we used a 1/4\" 2 flutes flat end bit for the roughing and a 1/16\" 4 flutes (both flat end and nose ball) bit for the finishing, four screws and two 8 mm dowels to keep the piece in place and let us flip it.\r\n\r\nAs in the first test we did set the software to cut until half of the material's thickness, because the bit wasn't long enough to cover the whole wood block. We therefore also did the cutout before the finishing (for more details about this take a look at the previous episode: Foam Test).\r\n\r\nIn the next screenshot it is possible to see which settings we used for the roughing.\r\n\r\n!http://fablab.waag.org/sites/all/files/u2030/roughing%20settings%202.jpg(Roughing setting bass)!\r\n\r\nFor the finishing we decided to reduce the milling surface, in order to save time by avoiding passing over the supports over and over again. In order to do so, we reduced the Machining margins in the Material Size and Margins menu, setting negatove numbers. This is the only way to avoid milling useless areas. I decided to do this in the finishing but not in the roughing because, by milling the whole piece back then, I avoided surfacing the wood block and I had then a perfectly flat surface for the flipping (that is also why when roughing the second surface I reduced the milling area again). Remeber that perfectly flat wood is something very unlikely to happen.\r\n\r\nIn the screenshot below it is visible how these parameters were set before starting the finishing.\r\n\r\n!http://fablab.waag.org/sites/all/files/u2030/machining%20margins.jpg(Machine margins)!\r\n\r\nIn order to decide which finishing to go for we did different test, with 10% 20% and 40% stepover and using first a nose ball and then a flat end bit. Below is a screenshot from the 40% setting.\r\n\r\n!http://fablab.waag.org/sites/all/files/u2030/finishing%20toolpath%2040.jpg(Stepover 40%)!\r\n\r\nThe ball nose seems to be more appropriate and below it is possible to see the difference between the stepovers:\r\n\r\n!http://fablab.waag.org/sites/all/files/u2030/different%20stepovers_0.jpg(Different stepovers)!\r\n\r\n\r\nAs the texture of the bass is very soft, we decided to adopt for the future the 10% steover so that we won't need to sand the wood afterwards, risking to scratch away also the waves. Unfortunately this means that the finishing of the front side of the final bass will take between 15 and 20 hours..which means that somebody will have to sleep with the Shopbot =)\r\n\r\nSomething that created problems again was making pockets deeper that half of the material thickness, as the software wouldn't see them. Furthermore when finishing the piece the machine lost a lot of time finishing the inside of holes and pockets, which is absolutely unnecessary. In order to solve both issues we decided to do all pockets and holes with the 2d software instead of including them in the 3D model in Rhino.\r\n\r\nIn order to better understand if size and dimension were right I did assemble the main knobs, which were quite well fitting!\r\n\r\n!http://fablab.waag.org/sites/all/files/u2030/knobs%20from%20the%20back.JPG(Knobs from the back)!\r\n\r\n!http://fablab.waag.org/sites/all/files/u2030/knobs%20from%20the%20front.JPG(Knobs from the front)!\r\n\r\n*Bass neck wood test*\r\n\r\nHere comes the neck!\r\n\r\nSame procedure as the body, just a different wood (harder) which forced us to go slower with the machine (speed 30 instead of 40). 1/4\" flat end 2 flutes bit for roughing and 1/16\" nose ball 4 flutes bit for finishing.\r\n\r\nI decided to place the piece of wood horizontally, in order to facilitate the machine and create less noise (when the shopbot moves on the y axis is smoother than on the x axis).\r\n\r\nThe roughing took about 3 hours on the first side and only 1 hour on the second side. Althought the front side is almost flat and therefore wouldn't need almost any machining I decided to place the model in the middle of the wooden block, otherwise the finishing bit would have not reached the deepest part of the back curve.\r\n\r\nFinishing took about 5 hours with xy speed on 30.\r\n\r\n!http://fablab.waag.org/sites/all/files/u2030/neck2.JPG(Bass neck 2)!\r\n\r\nAt the end of the chop we made a profiling outline on the bottom part of the bass, the part that we will glue on the main bass body. In this way we got rid of the bridges with a perfect flat surface ready to be glue.\r\n\r\n!http://fablab.waag.org/sites/all/files/u2030/carsten%20cutting%20neck.JPG(Cut neck)!\r\n\r\nAfter that we could finally make an ergonomic test!\r\n\r\n!http://fablab.waag.org/sites/all/files/u2030/neck%20ergonomy%20test.JPG(Ergonomic test)!\r\n\r\n\r\n",
    "tags":[],
    "state":4,
    "difficulty":4,
    "icon":"http://localhost:8080/serve/projectimage/3",
    "creator":"Risseeuw Martin",
    "url":"http://localhost:8080/nl/project/view/3",
    "id":3
  }
},{
  "project":{
    "title":"Test project one Test project one",
    "teaser":"Test project one",
    "description":"Test project oneTest project oneTest project oneTest project oneTest project oneTest project one\r\n\r\n!http://localhost:8080/serve/projectimage/1!",
    "tags":[{
      "name":"Three js",
      "id":1
    }],
    "state":1,
    "difficulty":2,
    "icon":"http://localhost:8080/serve/projectimage/1",
    "creator":" ",
    "url":"http://localhost:8080/nl/project/view/1",
    "id":1
  }
},{
  "project":{
    "title":"Test2",
    "teaser":"kasdkdassad asddssad",
    "description":"dsasdasdafg sdadsa dsadsa",
    "tags":[],
    "state":2,
    "difficulty":1,
    "icon":"http://localhost:8080/serve/projectimage/2",
    "creator":" ",
    "url":"http://localhost:8080/nl/project/view/2",
    "id":2
  }
},{
  "project":{
    "title":"3D Bass guitar",
    "teaser":"Can you produce a high quality electric bass guitar using the Fablab methodology?",
    "description":"Can you produce a high quality electric bass guitar using the Fablab methodology?\r\n\r\nYes, you can. Like on fab foos, I like doing as much as I can from scratch, meaning winding my own pickups, milling the body on the Shopbot with a flip part set up, building the entire neck with a trussrod and a fingerboard with fret marks on the side at least.\r\n\r\nMy choices for wood were: Mahagony body, maple neck, palisander fingerboard.\r\nYou can buy special \"tone wood\" in Amsterdam at Fijnhout Houthandel.\r\n\r\nA few components however I decided to buy:\r\nThe bridge, the tuners, the preamp, the nut, the trussrod\r\n\r\nDuring my research I noticed a lot has happened in the guitar world in the past 20 years. You can now buy Xtenders, which is a tuner with a handle so you can drop the E to C if you want. There are Bass tremolos available and very terrific preamps that lift your output to about 12 DB. But the big mystery is, can I get that growl like a proper Fender Jazz bass, which I love so much.\r\n\r\nWell, I will only know this when I have finished the project and plug it in.\r\n\r\nResources:\r\n\r\n    Melvin Hiscock: \"Make your own guitar\":http://www.amazon.com/Make-Your-Own-Electric-Guitar/dp/0953104907\r\n    Paul Balmer: \"The Fender Bass Handbook\":http://tinyurl.com/mj4zo7g\r\n\r\nMy fretless Bass will be based on the Fender Jazz Bass.\r\nHere is the original 1951 Fender Precision Bass, The first solid body electric Bass that changed modern music:\r\n\r\n!http://fablab.waag.org/sites/all/files/u6/1951-fender-precision-bass-post.jpg!\r\n\r\nhere is a deluxe version model of it from 2006, which has 24 frets, not 20 as the original version\r\n\r\n!http://fablab.waag.org/sites/all/files/u6/fender_deluxe_24_small.jpg!\r\n\r\nAnd here is the \"Shark Bass\"\r\n\r\n!http://fablab.waag.org/sites/all/files/u6/Shark_Bass_0.jpg!\r\n\r\nThis is a very special Bass, featuring a tremolo, Xtenders of the E & G string and a kill switch. I am sure I can play pretty unusual cool stuff with it. I was inspired by Michael Manrings Hyperbass, a really crazy Bass. Listen to his tune \"Selene\":http://www.youtube.com/watch?v=6eTBc7aWBGw&feature=player_embedded to get an idea.\r\n\r\nAnother inspiration I got was from a student who recently visited us to mill 3D textures: \"http://amsterdam.fablab.nl/node/3775()\":http://amsterdam.fablab.nl/node/3775\r\n\r\nSo I asked him if he wants to share it, he agreed and so my Bass guitar will have a fantastic 3D texture on the body.\r\n\r\nI am now in the process to prepare the cut files, and yes I will post the files so you can make your own...\r\n\r\n\r\n*Foam Test*\r\n\r\n\r\nAs hard wood is somehow an expensive material, we decided to give life to the bass at first as a foam model. In this way we could check if size, proportions and holes dimensions were appropriate.\r\n\r\nAs the piece was a 3D one, I created in Rhino a supporting frame as big as the foam block, with bridges here and there to support the bass while being cut out.\r\n\r\n!http://fablab.waag.org/sites/all/files/u2030/screenshot%20rhino.jpg(3D Model)!\r\n\r\nIn order to be able to flip it, the model had two holes placed on the central symmetry axes of the model. These holes were going all the way through the foam and also in the sacrificial layer (about 8 mm below the foam). After making the holes I used some wooden dowels to keep the model in place and to use when flipping it. The holes has to be slightly smaller than the the dowel, otherwise the piece will be loose (in this case the dowels diameter was about 8-8.2 mm while the hole was 7.8 mm).\r\n\r\n!http://fablab.waag.org/sites/all/files/u2030/_MG_8741.JPG(Foam)!\r\n\r\n!http://fablab.waag.org/sites/all/files/u2030/dowels.jpg(Wood dowels)!\r\n\r\nDealing with the flipping of the model has not been easy , especially because it is sometimes hard to do the finishing of the surface when the piece is too thick and the bottom part is still full. As the material thickness was too much to do the whole cut on each side, I did set the software to cut only halfway the thickness, but in this way the roughing did not cut away the inside leftover areas, that were creating a problem for the finishing step).\r\n\r\nAs an answer to this I decided to do the cut out of the empty areas before doing the finishing, after the roughing (although the Partworks 3D software suggests you to do it at last).\r\n\r\n\r\n!http://fablab.waag.org/sites/all/files/u2030/_MG_8724.JPG(Bass guitar foam 1)!\r\n\r\n\r\nMilling bits for finishing often have the cutting part smaller (in terms of diameter) than the shank, which means that if the bit goes deeper than the cutting part lenght and there is not enough space, the shank will force the material by applying too much pressure on it. This means that if the material leftover is still part of the block after the roughing, the finishing bit will force the material.\r\n\r\n!http://fablab.waag.org/sites/all/files/u2030/milling%20bit%20structure.jpg(Milling bit structure)!\r\n\r\nFor this foam experiment I have used a 1/4\" flat end 4 flutes bit (roughing) and a 1/16\" flat end 4 flutes for the finishing. The machine was driven quite fast during both operation, due to the fact that the foam is a soft material and that we did not want to be precise in this step, but just check shape, dimensions and proportions.\r\n\r\n(By the way, I realized the the piece was too thick while the machine was already running, so, for the time it took me to realize it, the head of the shopbot pushed against the foam, trying to reach the bottom of the model..keep always in mind to check the thickness of the material and how much the milling bit is coming out from the shopboat head!!) (see pic below)\r\n\r\n!http://fablab.waag.org/sites/all/files/u2030/_MG_8743.JPG(Shopbot pushing on foam)!\r\n\r\nHere it comes the final result:\r\n\r\n!http://fablab.waag.org/sites/all/files/u2030/_MG_8761.JPG(Foam bass 2)!\r\n\r\n*Wood test*\r\n\r\n\r\n\r\nAnd here it comes the second episode of this ambitious project: the first wood sample!\r\n\r\n!http://fablab.waag.org/sites/all/files/u2030/wood%20bass.JPG(Wooden bass)!\r\n\r\nTo mill out this piece took quite some time. About 3 hours for the roughing of each side and about 6 hours for the finishing of only one side (the back side was quite flat, so we decided to save some time by skipping the finishing).\r\n\r\nI had to use many tricks in order to accomplish the task and I have learnt more about the shopbot with this chop than with any other before.\r\n\r\nSo, talking about tools, we used a 1/4\" 2 flutes flat end bit for the roughing and a 1/16\" 4 flutes (both flat end and nose ball) bit for the finishing, four screws and two 8 mm dowels to keep the piece in place and let us flip it.\r\n\r\nAs in the first test we did set the software to cut until half of the material's thickness, because the bit wasn't long enough to cover the whole wood block. We therefore also did the cutout before the finishing (for more details about this take a look at the previous episode: Foam Test).\r\n\r\nIn the next screenshot it is possible to see which settings we used for the roughing.\r\n\r\n!http://fablab.waag.org/sites/all/files/u2030/roughing%20settings%202.jpg(Roughing setting bass)!\r\n\r\nFor the finishing we decided to reduce the milling surface, in order to save time by avoiding passing over the supports over and over again. In order to do so, we reduced the Machining margins in the Material Size and Margins menu, setting negatove numbers. This is the only way to avoid milling useless areas. I decided to do this in the finishing but not in the roughing because, by milling the whole piece back then, I avoided surfacing the wood block and I had then a perfectly flat surface for the flipping (that is also why when roughing the second surface I reduced the milling area again). Remeber that perfectly flat wood is something very unlikely to happen.\r\n\r\nIn the screenshot below it is visible how these parameters were set before starting the finishing.\r\n\r\n!http://fablab.waag.org/sites/all/files/u2030/machining%20margins.jpg(Machine margins)!\r\n\r\nIn order to decide which finishing to go for we did different test, with 10% 20% and 40% stepover and using first a nose ball and then a flat end bit. Below is a screenshot from the 40% setting.\r\n\r\n!http://fablab.waag.org/sites/all/files/u2030/finishing%20toolpath%2040.jpg(Stepover 40%)!\r\n\r\nThe ball nose seems to be more appropriate and below it is possible to see the difference between the stepovers:\r\n\r\n!http://fablab.waag.org/sites/all/files/u2030/different%20stepovers_0.jpg(Different stepovers)!\r\n\r\n\r\nAs the texture of the bass is very soft, we decided to adopt for the future the 10% steover so that we won't need to sand the wood afterwards, risking to scratch away also the waves. Unfortunately this means that the finishing of the front side of the final bass will take between 15 and 20 hours..which means that somebody will have to sleep with the Shopbot =)\r\n\r\nSomething that created problems again was making pockets deeper that half of the material thickness, as the software wouldn't see them. Furthermore when finishing the piece the machine lost a lot of time finishing the inside of holes and pockets, which is absolutely unnecessary. In order to solve both issues we decided to do all pockets and holes with the 2d software instead of including them in the 3D model in Rhino.\r\n\r\nIn order to better understand if size and dimension were right I did assemble the main knobs, which were quite well fitting!\r\n\r\n!http://fablab.waag.org/sites/all/files/u2030/knobs%20from%20the%20back.JPG(Knobs from the back)!\r\n\r\n!http://fablab.waag.org/sites/all/files/u2030/knobs%20from%20the%20front.JPG(Knobs from the front)!\r\n\r\n*Bass neck wood test*\r\n\r\nHere comes the neck!\r\n\r\nSame procedure as the body, just a different wood (harder) which forced us to go slower with the machine (speed 30 instead of 40). 1/4\" flat end 2 flutes bit for roughing and 1/16\" nose ball 4 flutes bit for finishing.\r\n\r\nI decided to place the piece of wood horizontally, in order to facilitate the machine and create less noise (when the shopbot moves on the y axis is smoother than on the x axis).\r\n\r\nThe roughing took about 3 hours on the first side and only 1 hour on the second side. Althought the front side is almost flat and therefore wouldn't need almost any machining I decided to place the model in the middle of the wooden block, otherwise the finishing bit would have not reached the deepest part of the back curve.\r\n\r\nFinishing took about 5 hours with xy speed on 30.\r\n\r\n!http://fablab.waag.org/sites/all/files/u2030/neck2.JPG(Bass neck 2)!\r\n\r\nAt the end of the chop we made a profiling outline on the bottom part of the bass, the part that we will glue on the main bass body. In this way we got rid of the bridges with a perfect flat surface ready to be glue.\r\n\r\n!http://fablab.waag.org/sites/all/files/u2030/carsten%20cutting%20neck.JPG(Cut neck)!\r\n\r\nAfter that we could finally make an ergonomic test!\r\n\r\n!http://fablab.waag.org/sites/all/files/u2030/neck%20ergonomy%20test.JPG(Ergonomic test)!\r\n\r\n\r\n",
    "tags":[],
    "state":4,
    "difficulty":4,
    "icon":"http://localhost:8080/serve/projectimage/3",
    "creator":"Risseeuw Martin",
    "url":"http://localhost:8080/nl/project/view/3",
    "id":3
  }
},{
  "project":{
    "title":"hghgjkj",
    "teaser":"jhjhgglgj jhhgjgjh dfsfdsfd",
    "description":"jhjhgglgj jhhgjgjh dfsfdsfd jhjhgglgj jhhgjgjh dfsfdsfd jhjhgglgj jhhgjgjh dfsfdsfd",
    "tags":[],
    "state":2,
    "difficulty":1,
    "icon":"http://localhost:8080/serve/projectimage/4",
    "creator":"Risseeuw Martin",
    "url":"http://localhost:8080/nl/project/view/4",
    "id":4
  }
},{
  "project":{
    "title":"Low-cost prosthesis recylced plastic",
    "teaser":"During my internship, i worked on the low-cost self-adjustable lower knee prosthesis project.",
    "description":"During my internship, i worked on the low-cost self-adjustable lower knee prosthesis project.",
    "tags":[],
    "state":3,
    "difficulty":4,
    "icon":"http://localhost:8080/serve/projectimage/5",
    "creator":"Risseeuw Martin",
    "url":"http://localhost:8080/nl/project/view/5",
    "id":5
  }
},{
  "project":{
    "title":"3D Bass guitar",
    "teaser":"Can you produce a high quality electric bass guitar using the Fablab methodology?",
    "description":"Can you produce a high quality electric bass guitar using the Fablab methodology?\r\n\r\nYes, you can. Like on fab foos, I like doing as much as I can from scratch, meaning winding my own pickups, milling the body on the Shopbot with a flip part set up, building the entire neck with a trussrod and a fingerboard with fret marks on the side at least.\r\n\r\nMy choices for wood were: Mahagony body, maple neck, palisander fingerboard.\r\nYou can buy special \"tone wood\" in Amsterdam at Fijnhout Houthandel.\r\n\r\nA few components however I decided to buy:\r\nThe bridge, the tuners, the preamp, the nut, the trussrod\r\n\r\nDuring my research I noticed a lot has happened in the guitar world in the past 20 years. You can now buy Xtenders, which is a tuner with a handle so you can drop the E to C if you want. There are Bass tremolos available and very terrific preamps that lift your output to about 12 DB. But the big mystery is, can I get that growl like a proper Fender Jazz bass, which I love so much.\r\n\r\nWell, I will only know this when I have finished the project and plug it in.\r\n\r\nResources:\r\n\r\n    Melvin Hiscock: \"Make your own guitar\":http://www.amazon.com/Make-Your-Own-Electric-Guitar/dp/0953104907\r\n    Paul Balmer: \"The Fender Bass Handbook\":http://tinyurl.com/mj4zo7g\r\n\r\nMy fretless Bass will be based on the Fender Jazz Bass.\r\nHere is the original 1951 Fender Precision Bass, The first solid body electric Bass that changed modern music:\r\n\r\n!http://fablab.waag.org/sites/all/files/u6/1951-fender-precision-bass-post.jpg!\r\n\r\nhere is a deluxe version model of it from 2006, which has 24 frets, not 20 as the original version\r\n\r\n!http://fablab.waag.org/sites/all/files/u6/fender_deluxe_24_small.jpg!\r\n\r\nAnd here is the \"Shark Bass\"\r\n\r\n!http://fablab.waag.org/sites/all/files/u6/Shark_Bass_0.jpg!\r\n\r\nThis is a very special Bass, featuring a tremolo, Xtenders of the E & G string and a kill switch. I am sure I can play pretty unusual cool stuff with it. I was inspired by Michael Manrings Hyperbass, a really crazy Bass. Listen to his tune \"Selene\":http://www.youtube.com/watch?v=6eTBc7aWBGw&feature=player_embedded to get an idea.\r\n\r\nAnother inspiration I got was from a student who recently visited us to mill 3D textures: \"http://amsterdam.fablab.nl/node/3775()\":http://amsterdam.fablab.nl/node/3775\r\n\r\nSo I asked him if he wants to share it, he agreed and so my Bass guitar will have a fantastic 3D texture on the body.\r\n\r\nI am now in the process to prepare the cut files, and yes I will post the files so you can make your own...\r\n\r\n\r\n*Foam Test*\r\n\r\n\r\nAs hard wood is somehow an expensive material, we decided to give life to the bass at first as a foam model. In this way we could check if size, proportions and holes dimensions were appropriate.\r\n\r\nAs the piece was a 3D one, I created in Rhino a supporting frame as big as the foam block, with bridges here and there to support the bass while being cut out.\r\n\r\n!http://fablab.waag.org/sites/all/files/u2030/screenshot%20rhino.jpg(3D Model)!\r\n\r\nIn order to be able to flip it, the model had two holes placed on the central symmetry axes of the model. These holes were going all the way through the foam and also in the sacrificial layer (about 8 mm below the foam). After making the holes I used some wooden dowels to keep the model in place and to use when flipping it. The holes has to be slightly smaller than the the dowel, otherwise the piece will be loose (in this case the dowels diameter was about 8-8.2 mm while the hole was 7.8 mm).\r\n\r\n!http://fablab.waag.org/sites/all/files/u2030/_MG_8741.JPG(Foam)!\r\n\r\n!http://fablab.waag.org/sites/all/files/u2030/dowels.jpg(Wood dowels)!\r\n\r\nDealing with the flipping of the model has not been easy , especially because it is sometimes hard to do the finishing of the surface when the piece is too thick and the bottom part is still full. As the material thickness was too much to do the whole cut on each side, I did set the software to cut only halfway the thickness, but in this way the roughing did not cut away the inside leftover areas, that were creating a problem for the finishing step).\r\n\r\nAs an answer to this I decided to do the cut out of the empty areas before doing the finishing, after the roughing (although the Partworks 3D software suggests you to do it at last).\r\n\r\n\r\n!http://fablab.waag.org/sites/all/files/u2030/_MG_8724.JPG(Bass guitar foam 1)!\r\n\r\n\r\nMilling bits for finishing often have the cutting part smaller (in terms of diameter) than the shank, which means that if the bit goes deeper than the cutting part lenght and there is not enough space, the shank will force the material by applying too much pressure on it. This means that if the material leftover is still part of the block after the roughing, the finishing bit will force the material.\r\n\r\n!http://fablab.waag.org/sites/all/files/u2030/milling%20bit%20structure.jpg(Milling bit structure)!\r\n\r\nFor this foam experiment I have used a 1/4\" flat end 4 flutes bit (roughing) and a 1/16\" flat end 4 flutes for the finishing. The machine was driven quite fast during both operation, due to the fact that the foam is a soft material and that we did not want to be precise in this step, but just check shape, dimensions and proportions.\r\n\r\n(By the way, I realized the the piece was too thick while the machine was already running, so, for the time it took me to realize it, the head of the shopbot pushed against the foam, trying to reach the bottom of the model..keep always in mind to check the thickness of the material and how much the milling bit is coming out from the shopboat head!!) (see pic below)\r\n\r\n!http://fablab.waag.org/sites/all/files/u2030/_MG_8743.JPG(Shopbot pushing on foam)!\r\n\r\nHere it comes the final result:\r\n\r\n!http://fablab.waag.org/sites/all/files/u2030/_MG_8761.JPG(Foam bass 2)!\r\n\r\n*Wood test*\r\n\r\n\r\n\r\nAnd here it comes the second episode of this ambitious project: the first wood sample!\r\n\r\n!http://fablab.waag.org/sites/all/files/u2030/wood%20bass.JPG(Wooden bass)!\r\n\r\nTo mill out this piece took quite some time. About 3 hours for the roughing of each side and about 6 hours for the finishing of only one side (the back side was quite flat, so we decided to save some time by skipping the finishing).\r\n\r\nI had to use many tricks in order to accomplish the task and I have learnt more about the shopbot with this chop than with any other before.\r\n\r\nSo, talking about tools, we used a 1/4\" 2 flutes flat end bit for the roughing and a 1/16\" 4 flutes (both flat end and nose ball) bit for the finishing, four screws and two 8 mm dowels to keep the piece in place and let us flip it.\r\n\r\nAs in the first test we did set the software to cut until half of the material's thickness, because the bit wasn't long enough to cover the whole wood block. We therefore also did the cutout before the finishing (for more details about this take a look at the previous episode: Foam Test).\r\n\r\nIn the next screenshot it is possible to see which settings we used for the roughing.\r\n\r\n!http://fablab.waag.org/sites/all/files/u2030/roughing%20settings%202.jpg(Roughing setting bass)!\r\n\r\nFor the finishing we decided to reduce the milling surface, in order to save time by avoiding passing over the supports over and over again. In order to do so, we reduced the Machining margins in the Material Size and Margins menu, setting negatove numbers. This is the only way to avoid milling useless areas. I decided to do this in the finishing but not in the roughing because, by milling the whole piece back then, I avoided surfacing the wood block and I had then a perfectly flat surface for the flipping (that is also why when roughing the second surface I reduced the milling area again). Remeber that perfectly flat wood is something very unlikely to happen.\r\n\r\nIn the screenshot below it is visible how these parameters were set before starting the finishing.\r\n\r\n!http://fablab.waag.org/sites/all/files/u2030/machining%20margins.jpg(Machine margins)!\r\n\r\nIn order to decide which finishing to go for we did different test, with 10% 20% and 40% stepover and using first a nose ball and then a flat end bit. Below is a screenshot from the 40% setting.\r\n\r\n!http://fablab.waag.org/sites/all/files/u2030/finishing%20toolpath%2040.jpg(Stepover 40%)!\r\n\r\nThe ball nose seems to be more appropriate and below it is possible to see the difference between the stepovers:\r\n\r\n!http://fablab.waag.org/sites/all/files/u2030/different%20stepovers_0.jpg(Different stepovers)!\r\n\r\n\r\nAs the texture of the bass is very soft, we decided to adopt for the future the 10% steover so that we won't need to sand the wood afterwards, risking to scratch away also the waves. Unfortunately this means that the finishing of the front side of the final bass will take between 15 and 20 hours..which means that somebody will have to sleep with the Shopbot =)\r\n\r\nSomething that created problems again was making pockets deeper that half of the material thickness, as the software wouldn't see them. Furthermore when finishing the piece the machine lost a lot of time finishing the inside of holes and pockets, which is absolutely unnecessary. In order to solve both issues we decided to do all pockets and holes with the 2d software instead of including them in the 3D model in Rhino.\r\n\r\nIn order to better understand if size and dimension were right I did assemble the main knobs, which were quite well fitting!\r\n\r\n!http://fablab.waag.org/sites/all/files/u2030/knobs%20from%20the%20back.JPG(Knobs from the back)!\r\n\r\n!http://fablab.waag.org/sites/all/files/u2030/knobs%20from%20the%20front.JPG(Knobs from the front)!\r\n\r\n*Bass neck wood test*\r\n\r\nHere comes the neck!\r\n\r\nSame procedure as the body, just a different wood (harder) which forced us to go slower with the machine (speed 30 instead of 40). 1/4\" flat end 2 flutes bit for roughing and 1/16\" nose ball 4 flutes bit for finishing.\r\n\r\nI decided to place the piece of wood horizontally, in order to facilitate the machine and create less noise (when the shopbot moves on the y axis is smoother than on the x axis).\r\n\r\nThe roughing took about 3 hours on the first side and only 1 hour on the second side. Althought the front side is almost flat and therefore wouldn't need almost any machining I decided to place the model in the middle of the wooden block, otherwise the finishing bit would have not reached the deepest part of the back curve.\r\n\r\nFinishing took about 5 hours with xy speed on 30.\r\n\r\n!http://fablab.waag.org/sites/all/files/u2030/neck2.JPG(Bass neck 2)!\r\n\r\nAt the end of the chop we made a profiling outline on the bottom part of the bass, the part that we will glue on the main bass body. In this way we got rid of the bridges with a perfect flat surface ready to be glue.\r\n\r\n!http://fablab.waag.org/sites/all/files/u2030/carsten%20cutting%20neck.JPG(Cut neck)!\r\n\r\nAfter that we could finally make an ergonomic test!\r\n\r\n!http://fablab.waag.org/sites/all/files/u2030/neck%20ergonomy%20test.JPG(Ergonomic test)!\r\n\r\n\r\n",
    "tags":[],
    "state":4,
    "difficulty":4,
    "icon":"http://localhost:8080/serve/projectimage/3",
    "creator":"Risseeuw Martin",
    "url":"http://localhost:8080/nl/project/view/3",
    "id":3
  }
}]
